0,"有限公司,科技,广州",三门定远交通设施有限公司,您可以联系到一位与您有业务往来的已经办理好境外采购商证的境外客商，您在他的陪伴下到广交会现场去办理一个收费的采购代表证进馆。收费标准为300RMB/人/天 50元工本费。办证资料：1、第二代身份证原件及复印件 2、名片 3、蓝/白底相片5厘米x4厘米的个人近期证件彩照 （1名外商只可以陪同2名境内人士办证）
0,"有限公司,科技,广州",上海恒隆木业有限公司,请问您是要参观采购国内产品还是国外产品呢?
0,"有限公司,科技,广州",个人去看展会是否收费,您好，请问你有什么可以帮助到您的吗？
0,"有限公司,科技,广州",中山富达运动器材有限公司,好的，根据您的情况。您可以联系到一位与您有业务往来的已经办理好境外采购商证的境外客商，您在他的陪伴下到广交会现场去办理一个收费的采购代表证进馆。收费标准为300RMB/人/天 50元工本费。办证资料：1、第二代身份证原件 2、名片 3、蓝/白底相片5厘米x4厘米的个人近期证件彩照 （1名外商只可以陪同2名境内人士办证）
0,"有限公司,科技,广州","公司营业执照还在办理中，预计两月后才出来,广州三木服饰有限公司,广州三木服饰有限公司",您可以联系到一位与您有业务往来的已经办理好境外采购商证的境外客商，您在他的陪伴下到广交会现场去办理一个收费的采购代表证进馆。收费标准为300RMB/人/天 50元工本费。办证资料：1、第二代身份证原件 2、名片 3、蓝/白底相片5厘米x4厘米的个人近期证件彩照 （1名外商只可以陪同2名境内人士办证）
0,"有限公司,科技,广州",北京西达文化传媒有限公司,好的，根据您所提供的情况，您可以联系到一位与您有业务往来的已经办理好境外采购商证的境外客商，您在他的陪伴下到广交会现场去办理一个收费的采购代表证进馆。收费标准为300RMB/人/天 50元工本费。办证资料：1、第二代身份证原件及复印件 2、名片 3、蓝/白底相片5厘米x4厘米的个人近期证件彩照 （1名外商只可以陪同2名境内人士办证）
0,"有限公司,科技,广州",厦门天利富橡塑制品有限公司,好的，根据您的情况，您可以联系到一位与您有业务往来的已经办理好境外采购商证的境外客商，您在他的陪伴下到广交会现场去办理一个收费的采购代表证进馆。收费标准为300RMB/人/天 50元工本费。办证资料：1、第二代身份证原件 2、名片 3、蓝/白底相片5厘米x4厘米的个人近期证件彩照 （1名外商只可以陪同2名境内人士办证）
0,"有限公司,科技,广州",厦门杰富绅科技有限公司,您可以联系到一位与您有业务往来的已经办理好境外采购商证的境外客商，您在他的陪伴下到广交会现场去办理一个收费的采购代表证进馆。收费标准为300RMB/人/天 50元工本费。办证资料：1、第二代身份证原件及复印件 2、名片 3、蓝/白底相片5厘米x4厘米的个人近期证件彩照 （1名外商只可以陪同2名境内人士办证）
0,"有限公司,科技,广州",君升工艺,您可以联系到一位与您有业务往来的已经办理好境外采购商证的境外客商，您在他的陪伴下到广交会现场去办理一个收费的采购代表证进馆。收费标准为300RMB/人/天 50元工本费。办证资料：1、第二代身份证原件 2、名片 3、蓝/白底相片5厘米x4厘米的个人近期证件彩照 （1名外商只可以陪同2名境内人士办证）
0,"有限公司,科技,广州",国外都有可能,您可以按照以上方法办证进馆。
0,"有限公司,科技,广州",广东宝莱特医用科技股份有限公司,请您想参观采购国内产品还是国外产品？
0,"有限公司,科技,广州",广州卡如泽贸易有限公司,好的。根据您的情况，您可以联系到一位与您有业务往来的已经办理好境外采购商证的境外客商，您在他的陪伴下到广交会现场去办理一个收费的采购代表证进馆。收费标准为300RMB/人/天 50元工本费。办证资料：1、第二代身份证原件 2、名片 3、蓝/白底相片5厘米x4厘米的个人近期证件彩照 （1名外商只可以陪同2名境内人士办证）
0,"有限公司,科技,广州",广州酷之优电子配件有限公司,您可以联系到一位与您有业务往来的已经办理好境外采购商证的境外客商，您在他的陪伴下到广交会现场去办理一个收费的采购代表证进馆。收费标准为300RMB/人/天 50元工本费。办证资料：1、第二代身份证原件 2、名片 3、蓝/白底相片5厘米x4厘米的个人近期证件彩照 （1名外商只可以陪同2名境内人士办证）
0,"有限公司,科技,广州",春城建材机械厂,好的。根据您的情况，您可以联系到一位与您有业务往来的已经办理好境外采购商证的境外客商，您在他的陪伴下到广交会现场去办理一个收费的采购代表证进馆。收费标准为300RMB/人/天 50元工本费。办证资料：1、第二代身份证原件 2、名片 3、蓝/白底相片5厘米x4厘米的个人近期证件彩照 （1名外商只可以陪同2名境内人士办证）
0,"有限公司,科技,广州",杭州纽奔贸易有限公司,"好的，根据您的情况，您可以联系到一位与您有业务往来的已经办理好境外采购商证的境外客商，您在他的陪伴下到广交会现场去办理一个收费的采购代表证进馆。收费标准为300RMB/人/天 50元工本费。办证资料：1、第二代身份证原件 2、名片 3、蓝/白底相片5厘米x4厘米的个人近期证件彩照 （1名外商只可以陪同2名境内人士办证）,Guest 04-26 13:45:39,Guest 04-26 13:45:39"
0,"有限公司,科技,广州",汕头市荣业塑料五金有限公司,好的，根据您的情况，您可以联系到一位与您有业务往来的已经办理好境外采购商证的境外客商，您在他的陪伴下到广交会现场去办理一个收费的采购代表证进馆。收费标准为300RMB/人/天 50元工本费。办证资料：1、第二代身份证原件 2、名片 3、蓝/白底相片5厘米x4厘米的个人近期证件彩照 （1名外商只可以陪同2名境内人士办证）
0,"有限公司,科技,广州",江苏导航纺织科技有限公司?,好的，根据您所提供的信息，给你匹配了适合您的办证方法。您可以联系到一位与您有业务往来的已经办理好境外采购商证的境外客商，您在他的陪伴下到广交会现场去办理一个收费的采购代表证进馆。收费标准为300RMB/人/天 50元工本费。办证资料：1、第二代身份证原件及复印件 2、名片 3、蓝/白底相片5厘米x4厘米的个人近期证件彩照 （1名外商只可以陪同2名境内人士办证）
0,"有限公司,科技,广州",洛阳今丰,请问是有限公司形式吗？
0,"有限公司,科技,广州",深圳宏泽兴电子商务有限公司,请问与会人员有一年以上有效境外工作签证或者境外永久居住证吗?
0,"有限公司,科技,广州",深圳市虎威尔科技有限公司,请问您想参观采购国内产品还是国外产品？
0,"有限公司,科技,广州",深圳户籍身份证,好的。请问您是想要采购国内的产品吗？
0,"有限公司,科技,广州",深圳草莓防伪科技有限公司,您可以联系到一位与您有业务往来的已经办理好境外采购商证的境外客商，您在他的陪伴下到广交会现场去办理一个收费的采购代表证进馆。收费标准为300RMB/人/天 50元工本费。办证资料：1、第二代身份证原件 2、名片 3、蓝/白底相片5厘米x4厘米的个人近期证件彩照 （1名外商只可以陪同2名境内人士办证）
0,"有限公司,科技,广州",玉环元伦阀门有限公司,请问您是需要采购国内的产品吗？
0,"有限公司,科技,广州",联系不到啊……,如没有已经办理好境外采购商证的境外客商陪同下是无法办理证件的。
0,"有限公司,科技,广州",苏州浩善五金有限公司,好的，根据您的情况，您可以联系到一位与您有业务往来的已经办理好境外采购商证的境外客商，您在他的陪伴下到广交会现场去办理一个收费的采购代表证进馆。收费标准为300RMB/人/天 50元工本费。办证资料：1、第二代身份证原件 2、名片 3、蓝/白底相片5厘米x4厘米的个人近期证件彩照 （1名外商只可以陪同2名境内人士办证）
0,"有限公司,科技,广州",荷马特液压设备,请问是有限公司吗？
0,"有限公司,科技,广州",莒南县绿谷食品有限公司,"好的。根据您的情况，您可以联系到一位与您有业务往来的已经办理好境外采购商证的境外客商，您在他的陪伴下到广交会现场去办理一个收费的采购代表证进馆。收费标准为300RMB/人/天 50元工本费。办证资料：1、第二代身份证原件 2、名片 3、蓝/白底相片5厘米x4厘米的个人近期证件彩照 （1名外商只可以陪同2名境内人士办证）,请问还有什么可以帮您？,请问还有什么可以帮您？"
0,"有限公司,科技,广州",裕成塑胶有限公司,请问您是需要采购国内的产品吗？
0,"有限公司,科技,广州",赤峰华强五金销售部,请问您是需要采购国内的产品吗？
0,"有限公司,科技,广州",连云港腾亿电子有限公司?,您可以联系到一位与您有业务往来的已经办理好境外采购商证的境外客商，您在他的陪伴下到广交会现场去办理一个收费的采购代表证进馆。收费标准为300RMB/人/天 50元工本费。办证资料：1、第二代身份证原件 2、名片 3、蓝/白底相片5厘米x4厘米的个人近期证件彩照 （1名外商只可以陪同2名境内人士办证）
1,"请问,需要,证件",个人可以参加广交会吗,请问与会人员是境内人士还是境外人士呢？
1,"请问,需要,证件",参加需要什么门槛吗,您是指申请展位还是进馆参观？
1,"请问,需要,证件",在广交会哪里办理？,您可在广交会现场办理，A区西侧境外采购商报到处以及B区东侧境外采购商报到处 。
1,"请问,需要,证件",好，进广交会考察一下，需要申请通行证吗,如是进馆参观采购，请问与会人员是境内人士还是境外人士呢？
1,"请问,需要,证件","如何参观展览,需要办理证件吗,需要办理证件吗",请问与会人员是境内人士还是境外人士呢？
1,"请问,需要,证件","广交会不对外开放吗,第二期,第二期",不是的，根据您持有的证件类型不同，适合您的办证方式也是不同的。
1,"请问,需要,证件",广交会有观众的证吗／,请问与会人员是境内人士还是境外人士呢？
1,"请问,需要,证件",广交会直接进不能办么,"抱歉，广交会是需要根据客商的身份证类型及公司类型办理相对应的证件才能进馆的。,""您好,我是70429,很高兴和您对话！"",""您好,我是70429,很高兴和您对话！"""
1,"请问,需要,证件",广交会门票多少钱？,"您好，广交会是没有门票售卖的，进馆是需要办理证件的。,请问与会人员是境内人士还是境外人士呢？,请问与会人员是境内人士还是境外人士呢？"
1,"请问,需要,证件",您好，请问个人参展需要什么证件吗,请问您是想进馆参观采购吗？
1,"请问,需要,证件",您好，请问个人如何参观广交会,请问与会人员是境内人士还是境外人士呢？
1,"请问,需要,证件",我想咨询一下，广交会春节第一场最后的参展时间是什么呢？,请问您是想要申请展位吗？
1,"请问,需要,证件",请问今年的广交会什么时候举办,第一期：秋：10月15-19日（电子及家电类、照明类、车辆及配件类、机械类、五金工具类、建材类、化工产品类、能源类）
1,"请问,需要,证件",请问参加第三期展会需要准备什么证件吗？,请问您是要进馆参观采购吗？
1,"请问,需要,证件",请问参观这个会展需要什么手续？,请问您是想要参观十月份的广交会吗？
1,"请问,需要,证件",请问如何入场，如何办理入场证,请问与会人员是境内人士还是境外人士呢？
1,"请问,需要,证件",请问如何办理境外采购商的参展证件？,请问与会人员是境内人士还是境外人士呢？
1,"请问,需要,证件",请问怎样办理广交会观众证件的呢,您好，请问您是想进馆参观吗？
1,"请问,需要,证件",请问采购商证如何办理,请问与会人员是境内人士还是境外人士呢？
1,"请问,需要,证件",那请问怎么办呢？,没有证件是无法进馆的。
2,"没有,客商,有没有",今天的?礼品展,请问您方便提供贵司公司名称吗？
2,"没有,客商,有没有",会不会要排很久的队,"抱歉，保证地点应该是A区6号门，B区4号门。,这边无法预估现场的情况，建议您早一点过去。,这边无法预估现场的情况，建议您早一点过去。"
2,"没有,客商,有没有",其他2期呢？,第二期以及第三期开展期间方可办理该证件。
2,"没有,客商,有没有",嗯，如果没有境外客商可以联系呢？还有别的办证方法吗？,抱歉，根据您的情况，是只有以上办证方式。
2,"没有,客商,有没有",如果就采购国内的产品呢，,"您好，您参观的出口展区参展企业都是国内的企业，参展展品主要面向境外市场境外采购商，您可作为境外采购商的境内采购代表办理采购代表证进馆。 ,您好！工号70408很高兴为您服务/Hello!?NO.70408?is?at?your?service. ,您好！工号70408很高兴为您服务/Hello!?NO.70408?is?at?your?service. "
2,"没有,客商,有没有","如果当时有境外客户来，会和我一起去,没有呢,没有呢",请问您方便提供贵司公司名称吗？
2,"没有,客商,有没有",如果找不到合适的外商呢,"如果没有境外客商陪同的话是办理不了该证件的.,您好，您参观的出口展区参展企业都是国内的企业，参展展品主要面向境外市场境外采购商，您可作为境外采购商的境内采购代表办理采购代表证进馆。 ,您好，您参观的出口展区参展企业都是国内的企业，参展展品主要面向境外市场境外采购商，您可作为境外采购商的境内采购代表办理采购代表证进馆。 "
2,"没有,客商,有没有",如果是buyer的证呢,"进馆参观都是需要办理证件的，以上就是最适合您的办证方式。,我们是根据您持有的证件来区别办证方式的，如是境内人士，没有持有一年以上有效工作签证或者境外永久居住身份证，都是需要外商陪同办理证件的。,我们是根据您持有的证件来区别办证方式的，如是境内人士，没有持有一年以上有效工作签证或者境外永久居住身份证，都是需要外商陪同办理证件的。"
2,"没有,客商,有没有",如果没有境外往来的客商呢？,如没有已经办理好境外采购商证的境外客商陪同下是无法办理该证件的。
2,"没有,客商,有没有",如果能办证件，可以带孩子吗？,由于广交会主要是提供给客商洽谈业务的，并且人流量较大，所以不建议带小孩进馆。
2,"没有,客商,有没有",客户如果不来呢？,抱歉，这是最适合您办的证件。
2,"没有,客商,有没有",家电和车辆相关的,抱歉，进口展区暂时没有找到车辆相关展品，第一期有电子及家电类，请问贵司有从事跟家电相关的进口业务并且可以提供报关单等证明材料吗？
2,"没有,客商,有没有","我是做印度，和泰国市场,如果不认识境外采购商呢,如果不认识境外采购商呢,可以进去吗",进馆参观采购是需要办理证件的，如没有已经办理好境外采购商证的外商陪同是无法办理证件的，无法进馆的。
2,"没有,客商,有没有",普通市民呢,您好，进馆也是需要办理证件的。
2,"没有,客商,有没有",有没有所谓门票的说法?就是只是进去看看的,您好，广交会是没有门票售卖的。
2,"没有,客商,有没有",琶洲会馆有没有不是对外的展会,"我们这里是广交会展馆，除了举办广交会还会举办其他展会。,广交会展馆展览排期详情可以查看http://www.ciefc.com/,广交会展馆展览排期详情可以查看http://www.ciefc.com/"
2,"没有,客商,有没有",那如果是境内人士第一次参加呢,请问与会的境内人士有一年以上有效境外工作签证或者境外永久居住证吗?
2,"没有,客商,有没有",那如果没有刚好同个时间去的境外客商一起呢,很抱歉，如果没有已办理好境外采购商证的外商陪同，是无法办理进馆证件的。
2,"没有,客商,有没有",采购电子产品这块的,请问与会人员是境内人士还是境外人士呢？
2,"没有,客商,有没有",需要什么样的资质呢？,想询问一下您方便提供贵司全称吗？
3,"还有,办法,需要",300rmb/人/天50元工本费???可以直接买2天的吗？,可以的，收费的采购代表证是最多一次性办理连续5天的证件。
3,"还有,办法,需要",一定要有外商陪同吗？,是的。广交会期间不对外开放。需符合相关办证条件办理相关证件方可进馆。
3,"还有,办法,需要",不能提前预订门票吗？,您好，很抱歉，广交会是没有门票的。需符合相关办证条件办理相关证件方可进馆。
3,"还有,办法,需要",个人可以买票进去观展吗？,"您好，广交会是没有门票售卖的，进馆是需要办理证件的,请问与会人员是境内人士还是境外人士呢？,请问与会人员是境内人士还是境外人士呢？"
3,"还有,办法,需要",作为游客是没有办法参观证的吗？,是的。
3,"还有,办法,需要","假如是我们想观展，?春季展会,提交审核资料?是给你们吗,提交审核资料?是给你们吗",请问与会人员是境内人士还是境外人士呢？
3,"还有,办法,需要",只有到现场才能办吗？,是的。且需要在已办理好境外采购商证的外商陪同下办证。
3,"还有,办法,需要",只有这种办法吗,是的。
3,"还有,办法,需要",哦，境内的只能通过这种方式进去吗？,根据您的情况，以上办证方式是最适合您的。
3,"还有,办法,需要",噢好的只有这一种办法是吗,是的.
3,"还有,办法,需要",家具属于“家居装饰品类”吗？,家具属于二期家具展区。
3,"还有,办法,需要",必须是参展商吗？,不是的，若您是想参观或者采购都是以采购商的身份办证进馆的。
3,"还有,办法,需要",必须要境外客商带领吗,"是的,您好！工号70429很高兴为您服务/Hello!?NO.70429?is?at?your?service. ,您好！工号70429很高兴为您服务/Hello!?NO.70429?is?at?your?service. "
3,"还有,办法,需要",我不认识境外商的话，还有其他途径吗,"如果没有已经办理好境外采购商证的境外客商陪同，无法办理采购代表证，没有证件无法进馆。,以上办证方式是最适合您的。,以上办证方式是最适合您的。"
3,"还有,办法,需要",我是参展商，需要邀请客户来看展，需要办理证件吗？,请问您客户是境内人士还是境外人士呢？
3,"还有,办法,需要",每一期都要办证件吗？,"该证件最多只可办理5天，不可跨期办理，您办理多少天就可进馆多少天。,若您每期都进馆参观采购，您都需办理证件进馆。,若您每期都进馆参观采购，您都需办理证件进馆。"
3,"还有,办法,需要",第二期：春：4月23-27日??秋：10月23-27日?这个是吗,是的。
3,"还有,办法,需要",认识参展商可以吗,您可以联系参展商咨询商务厅是否有名额可以办理参展代表证。
3,"还有,办法,需要","讯成信息科技，我们主要是做工业动画的,还有其他方式吗？,还有其他方式吗？",抱歉，这是最适合您办的证件。
3,"还有,办法,需要",证件?只有那一种办法？,"是的，根据您的情况是只有以上办证方式。,您好，请问还有什么可以帮您？,您好，请问还有什么可以帮您？"
3,"还有,办法,需要",费用也是300rmb/人/天50元工本费吗,是的。
3,"还有,办法,需要",还有其他方法吗？,抱歉，这是最适合您办的证件。
3,"还有,办法,需要",还有别的申请途径吗？,抱歉，如果是境内人士，并且没有持有一年以上有效境外工作签证或者境外永久居住身份证的话，都是需要在已经办理好境外采购商证的外商陪同下办理证件。
3,"还有,办法,需要",这样的话国内外的产品都能参观了是吗？,是的。
3,"还有,办法,需要",这边没办法办吗？,很抱歉，广交会期间不对外开放。须符合相关办证条件办理相关证件后方可进馆。
3,"还有,办法,需要","都要参观呢？,有区别是吗？,有区别是吗？",如果是境内人士，并且没有持有一年以上有效境外工作签证或者境外永久居住身份证的话，您可以联系到一位与您有业务往来的已经办理好境外采购商证的境外客商，您在他的陪伴下到广交会现场去办理一个收费的采购代表证进馆。收费标准为300RMB/人/天 50元工本费。办证资料：1、第二代身份证原件 2、名片 3、蓝/白底相片5厘米x4厘米的个人近期证件彩照 （1名外商只可以陪同2名境内人士办证）
4,"没有,不能,进不去",哦，好的，要是没有这些手续就不能进馆参观了吗？,"是的。,需要符合资质标准才可以办证的。,需要符合资质标准才可以办证的。"
4,"没有,不能,进不去",哦，我们也有厂，但是现在没计划参展，只是想先看看,进馆都是需要办证证件，没有证件无法进馆。
4,"没有,不能,进不去","嗯，好的谢谢,广交会现在游客可以参观嘛,广交会现在游客可以参观嘛",请问您是指广交会期间参观吗？
4,"没有,不能,进不去",噢好的谢谢，没有了,"不客气。,您好！工号70424很高兴为您服务/Hello! NO.70424 is at your service. ,您好！工号70424很高兴为您服务/Hello! NO.70424 is at your service. "
4,"没有,不能,进不去",好，谢谢,不客气。
4,"没有,不能,进不去",就是我是不是不能免费?,您好，境内客商办理的是收费的采购代表证。
4,"没有,不能,进不去","懂了,谢谢,谢谢",不客气，请问还有其他可以帮您吗？
4,"没有,不能,进不去","我们申请了广交会的邀请函，,是不是什么时间去都可以？,是不是什么时间去都可以？",请问与会人员是境内人士还是境外人士呢？
4,"没有,不能,进不去",我想去看展览，但是进不去,"没有证件是无法进馆的。,您好！工号70408很高兴为您服务/Hello!?NO.70408?is?at?your?service. ,您好！工号70408很高兴为您服务/Hello!?NO.70408?is?at?your?service. "
4,"没有,不能,进不去",我是否可以带2个合作伙伴进去,您办理的是采购代表证并不是采购商证件。
4,"没有,不能,进不去",我没有外商那就不能进馆了吗,您好，您参观的出口展区参展企业都是国内的企业，参展展品主要面向境外市场境外采购商，您可作为境外采购商的境内采购代表办理采购代表证进馆。
4,"没有,不能,进不去",明白，谢谢,"不客气。,请问有什么可以帮您？,请问有什么可以帮您？"
4,"没有,不能,进不去",是的，而且我现在已经打印出来了,"""您好，您所办理证件进馆时间实在9:30-18:00,。"",您可以参加以下时间段的展会第一期：春：4月15-19日 第二期：春：4月23-27日??第三期：春:5月1-5日 ,您可以参加以下时间段的展会第一期：春：4月15-19日 第二期：春：4月23-27日??第三期：春:5月1-5日 "
4,"没有,不能,进不去",暂时没有了谢谢?,"不客气。,请您稍后对本次服务进行评价，感谢您使用广交会网上客服，祝您生活愉快！再见！,请您稍后对本次服务进行评价，感谢您使用广交会网上客服，祝您生活愉快！再见！"
4,"没有,不能,进不去",没有了，谢谢,您好！工号70445很高兴为您服务。/Hello! NO.70445 is at your service. 
4,"没有,不能,进不去",谢谢你,"不客气。,您好，请问还有什么可以帮您？,您好，请问还有什么可以帮您？"
5,"参观,办证,门票",5.1是不是会有很多办证的人？,抱歉，这个是无法预估的。
5,"参观,办证,门票",个人参观展会怎么购票？,您好，广交会是没有门票售卖的，进馆是需要办证。
5,"参观,办证,门票",内宾怎么办证进场,请问您是想要进馆参观吗？
5,"参观,办证,门票",去看展要怎么办证,请问您是想参观广交会吗？
5,"参观,办证,门票",怎么办证？,请问与会人员是境内人士还是境外人士呢？
5,"参观,办证,门票","怎么参观,怎么办参观证,怎么办参观证",请问与会人员是境内人士还是境外人士呢？
5,"参观,办证,门票","您好我想申请123届进出口采购商证,怎么申请,怎么申请",请问与会人员是境内人士还是境外人士呢？
5,"参观,办证,门票","您好，我们是采购商，怎么获取门票,想参加第三期,想参加第三期",请问与会人员是境内人士还是境外人士呢？
5,"参观,办证,门票",想问下，如果老外来观展怎么操作,请问境外客商是第一次与会吗？
5,"参观,办证,门票","我注册了网站，但是不知道怎么去获取门票,境内人士,境内人士",请问与会人员有一年以上有效境外工作签证或者境外永久居住证吗?
5,"参观,办证,门票",早上几点开始？,一般是早上8：30可开始办理证件。
5,"参观,办证,门票",是我的票怎么购买,请问您是境内人士吗？
5,"参观,办证,门票","没有。常驻广州。,我们怎么进去呢,我们怎么进去呢",请问您是需要参观第几期呢？
5,"参观,办证,门票",请问我该怎么买票,广交会是没有门票出售，进馆是需要办理证件的。
5,"参观,办证,门票",请问第一次进去参观需要什么资料办证,请问与会人员是境内人士还是境外人士呢？
5,"参观,办证,门票","那假如我不和外商一起，收费怎么算？,现场办理大概多少钱",如没有已经办理好境外采购商证的境外客商陪同下，是无法办理收费的采购代表证进馆。
5,"参观,办证,门票",门票怎么买？,请问您是想参加哪一个展会呢？
6,"没有,参观,需要","10月23号的展会,目前偏向国内,目前偏向国内",10月23日为广交会第二期，根据您的情况，您可以联系到一位与您有业务往来的已经办理好境外采购商证的境外客商，您在他的陪伴下到广交会现场去办理一个收费的采购代表证进馆。收费标准为300RMB/人/天 50元工本费。办证资料：1、第二代身份证原件 2、名片 3、蓝/白底相片5厘米x4厘米的个人近期证件彩照 （1名外商只可以陪同2名境内人士办证）
6,"没有,参观,需要","wo?zen?me?ya,我怎么样才能进场参观呢？,我怎么样才能进场参观呢？",请问与会人员是境内人士还是境外人士呢？
6,"没有,参观,需要",一个外商可以带几个,1名外商只可以陪同2名境内人士办证 
6,"没有,参观,需要","不认识怎么办？,就是参观?,就是参观?",如果没有已办理好境外采购商证的外商陪同，是无法办证进馆的。
6,"没有,参观,需要",与会人员没有那些,请问您方便提供贵司公司名称吗？
6,"没有,参观,需要","可以进去参观的那种？,境内,境内",请问与会人员有一年以上有效境外工作签证或者境外永久居住证吗?
6,"没有,参观,需要",可是不知道找谁呀,"如没有已经办理好境外采购商证的境外客商陪同下，是无法办理该证件进馆的。,您好！工号70415很高兴为您服务！/Hello!?NO.70415?is?at?your?service."
6,"没有,参观,需要",境内的需要境外的工作证吗？,"不是的。,您可以联系到一位与您有业务往来的已经办理好境外采购商证的境外客商，您在他的陪伴下到广交会现场去办理一个收费的采购代表证进馆。收费标准为300RMB/人/天 50元工本费。办证资料：1、第二代身份证原件及复印件 2、名片 3、蓝/白底相片5厘米x4厘米的个人近期证件彩照 （1名外商只可以陪同2名境内人士办证）,您可以联系到一位与您有业务往来的已经办理好境外采购商证的境外客商，您在他的陪伴下到广交会现场去办理一个收费的采购代表证进馆。收费标准为300RMB/人/天 50元工本费。办证资料：1、第二代身份证原件及复印件 2、名片 3、蓝/白底相片5厘米x4厘米的个人近期证件彩照 （1名外商只可以陪同2名境内人士办证）"
6,"没有,参观,需要","境外的已经有入场证了,没有?境内的没有,没有?境内的没有",请问您方便提供贵司公司名称吗？
6,"没有,参观,需要","如果有外商带着需要办证吗？,都没有,都没有","抱歉，是否有。,根据您的情况，您需要在一名已经办理采购商证的外商的陪同，带上二代身份证，2寸蓝底或白底的照片，名片到广交会现场境外采购商报道处办理收费采购代表证，收费：300元/人/天 50元工本费。,根据您的情况，您需要在一名已经办理采购商证的外商的陪同，带上二代身份证，2寸蓝底或白底的照片，名片到广交会现场境外采购商报道处办理收费采购代表证，收费：300元/人/天 50元工本费。"
6,"没有,参观,需要","恩,是的,是的",请问两名中国客户有一年以上有效境外工作签证或者境外永久居住证吗?
6,"没有,参观,需要","我从南宁过来的,境内,境内",请问您有一年以上有效境外工作签证或者境外永久居住证吗?
6,"没有,参观,需要",我是境内的为什么需要境外的证件？,好的。请问您想参观采购国内产品还是国外产品？
6,"没有,参观,需要","我没有。,其他同事有过,其他同事有过",境外客商第一次参加广交会是有两种办证方法：（1）网上预申请境外采购商，免费办理首张免费进馆证件，与会时，凭办证回执单、名片、境外护照（需出示原件）即可进行办理； （2）无网上预申请，现场直接办理，首次办证需要缴纳100元/人民币的办证费用。同时需出示境外护照（需出示原件）、名片、相片（两寸蓝底或者白底近期彩色证件照）。
6,"没有,参观,需要",我没有免费的吗？,抱歉，没有的。
6,"没有,参观,需要","是境内的呀，不是境外的,就是中国人去参观需要什么手续？,就是中国人去参观需要什么手续？",若国内人士不持有一年以上境外有效工作签证或者境外永久居住证，您可以联系到一位与您有业务往来的已经办理好境外采购商证的境外客商，您在他的陪伴下到广交会现场去办理一个收费的采购代表证进馆。收费标准为300RMB/人/天 50元工本费。办证资料：1、第二代身份证原件及复印件 2、名片 3、蓝/白底相片5厘米x4厘米的个人近期证件彩照 （1名外商只可以陪同2名境内人士办证）
6,"没有,参观,需要","没有,山东人,山东人",请问您想参观采购国内产品还是国外产品？
6,"没有,参观,需要","没有,是在中国境内的经销业务,是在中国境内的经销业务",请问您想参观采购广交会国内产品还是国外产品？
6,"没有,参观,需要","没有业务来往的呢？,自己一个人去办行吗？,自己一个人去办行吗？",如没有已经办理好境外采购商证的境外客商陪同下，是无法办理收费的采购代表证的。
6,"没有,参观,需要",没有人带怎么办！我就是自己想来参观,那么您是无法办理该证件进馆。
6,"没有,参观,需要",没有认识的,如没有已经办理好境外采购商证的境外客商陪同下是无法办理证件的。
6,"没有,参观,需要","没有，但是有英国的大学的研究生证件,15号开始的那期,15号开始的那期",请问您想参观采购国内产品还是国外产品？
6,"没有,参观,需要",注册不是有一个验证码要填的吗,您方便发送您的现在所在的网页页面的网址吗？
6,"没有,参观,需要","石家庄以岭药业股份有限公司,是的,是的",好的。您可以联系到一位与您有业务往来的已经办理好境外采购商证的境外客商，您在他的陪伴下到广交会现场去办理一个收费的采购代表证进馆。收费标准为300RMB/人/天 50元工本费。办证资料：1、第二代身份证原件及复印件 2、名片 3、蓝/白底相片5厘米x4厘米的个人近期证件彩照 （1名外商只可以陪同2名境内人士办证）
6,"没有,参观,需要","第三骑,都参观,都参观",您可以联系到一位与您有业务往来的已经办理好境外采购商证的境外客商，您在他的陪伴下到广交会现场去办理一个收费的采购代表证进馆。收费标准为300RMB/人/天 50元工本费。办证资料：1、第二代身份证原件 2、名片 3、蓝/白底相片5厘米x4厘米的个人近期证件彩照 （1名外商只可以陪同2名境内人士办证）
6,"没有,参观,需要","能解释一下吗？,好像都没有,好像都没有",好的。请问贵司全称是？
6,"没有,参观,需要","要是没有呢,就不能去？","没有已经办理好境外采购商证的境外客商陪同无法办理采购代表证，没有证件无法进馆。,如没有已经办理好境外采购商证的境外客商陪伴下是无法办理证件进馆的。,如没有已经办理好境外采购商证的境外客商陪伴下是无法办理证件进馆的。"
6,"没有,参观,需要",请问一下一个外商可以最多带几个中国的采购代表？,您好，最多可以带两个。
6,"没有,参观,需要","请问我第三期想要去参观展会,需要交多少费用吗？,需要交多少费用吗？",请问与会人员是境内人士还是境外人士呢？
6,"没有,参观,需要","身份证不行么,或者购票？,或者购票？",您好，广交会是没有门票售卖的。
6,"没有,参观,需要","还是可以现场报名,都是境内的,都是境内的","请问与会人员有一年以上有效境外工作签证或者境外永久居住证吗?,您好，证件是需要到现场办理的。,您好，证件是需要到现场办理的。"
6,"没有,参观,需要",还有问下???淘宝上面卖的可以的吗？真的假的？,我们是没有任何第三方机构来出售证件的，建议您不要轻信。
6,"没有,参观,需要","这个是英文界面？,这个只能由境外客户自己去申请吗？,这个只能由境外客户自己去申请吗？",不是，您可以在右上角选择中文简体。如果您有她的个人信息及公司信息，您可以为其登录采购商电子服务平台进行操作。
6,"没有,参观,需要","那除了上面说的那种方式，只有参展的才能进去吗？,境内的,境内的",您好！工号70408很高兴为您服务/Hello!?NO.70408?is?at?your?service. 
6,"没有,参观,需要",都有意向,请问您方便提供贵司公司名称吗？
6,"没有,参观,需要","门票需要吗,？,？",广交会是没有门票出售的，进馆是需要办理证件的。请问与会人员是境内人士还是境外人士呢？
7,"办理,采购商,需要",",有邀请函不是可以免费办理么？,有邀请函不是可以免费办理么？",您咨询的是参展代表证。
7,"办理,采购商,需要",???我可以提前办理吗？有没有其他优惠?,"""很抱歉,根据您的情况,这是您唯一的办证方法。"",Comment by 莹火虫: QA,Comment by 莹火虫: QA,以上是办证时间。"
7,"办理,采购商,需要",b区有最近的办理点吗？,"B区六号门是办证点。,第三期的办证时间是： 5月1-4日 8:30-18:00? 5月5日8:30-14:00,第三期的办证时间是： 5月1-4日 8:30-18:00? 5月5日8:30-14:00"
7,"办理,采购商,需要",一个采购商证可以帮两个境内人士办理采购商代表证对吧？,您好，若是已经办理境外采购商证的客商，是可以陪同两名境内人士办证的。
7,"办理,采购商,需要",不能我们自己办理吗,抱歉，是不可以的。广交会期间进馆都是需要办理相关证件才可进馆的，根据您的情况，这是最适合您的办证方法。
7,"办理,采购商,需要",不需要邀请函之类的吗,"根据您提供的信息，是只有这种办证方式的。,您好，请问有什么可以帮您？,您好，请问有什么可以帮您？"
7,"办理,采购商,需要",之前在网上说可以凭名片参观,很抱歉，是不可以的。
7,"办理,采购商,需要",办理窗口途经在哪里？,办证地点是在广交会展馆：
7,"办理,采购商,需要",可不可以办理游客证,请问您是想要进馆参观采购吗？
7,"办理,采购商,需要",可是我们去年网上都办理了采购商证,请问您之前是在哪个网址操作，办理的是什么证件？
7,"办理,采购商,需要",哦这样，那有境外采购商带领去的话，办理地址在哪里？,"境外采购商报到处：,请问还有什么可以帮您？,您好！工号70428很高兴为您服务/Hello!?NO.70428?is?at?your?service. "
7,"办理,采购商,需要",啊……境内采购商独自不可以去吗,"是的。,您好，请问还有什么可以帮您？,您好，请问还有什么可以帮您？"
7,"办理,采购商,需要",噢?要和外商现场办理?,是的。
7,"办理,采购商,需要",我自己可以办理境外采购商证吗,抱歉，这是最适合您办的证件。
7,"办理,采购商,需要",有没在网上申请进展的呢？,很抱歉，根据您的情况，这是最适合您的办证方式。
7,"办理,采购商,需要",没有办理护照的,好的，请问贵司是有限公司的形式吗？
7,"办理,采购商,需要",网上没法办理吗,是的。
7,"办理,采购商,需要",能先网上办理不？,抱歉，这个只能在现场办理。
7,"办理,采购商,需要",观展的当天可办理吗,请问与会人员是境内人士还是境外人士呢？
7,"办理,采购商,需要",那不采购不参展、有别的方式进去吗,抱歉，没有的，进馆参观采购是以采购商身份进馆。
7,"办理,采购商,需要",那台湾人员可以携带一名境内人员吗,可以。在其办理好境外采购商证后，可以陪同两名国内人士办证。
7,"办理,采购商,需要",采购商,请问您是指采购商电子服务平台吗？
7,"办理,采购商,需要","采购商证,不是可以网上直接申请吗",根据您的情况，您的证件只能在现场办理。
7,"办理,采购商,需要",驻华办事处的企业不是需要先通过内容审核吗,您好，平台是需要大概等到九月份才会开放申请以及审核的。
8,"中国,翻译,没有","一期最后一天，二期第一天,带孩子,带孩子",请问您是指广交会吗？
8,"中国,翻译,没有",上海人,请问与会人员有一年以上有效境外工作签证或者境外永久居住证吗?
8,"中国,翻译,没有","不一定,看一下情况,看一下情况",如果您境内境外产品都想看一下或者只是想看看境内产品，您可以联系到一位与您有业务往来的已经办理好境外采购商证的境外客商，您在他的陪伴下到广交会现场去办理一个收费的采购代表证进馆。收费标准为300RMB/人/天 50元工本费。办证资料：1、第二代身份证原件 2、名片 3、蓝/白底相片5厘米x4厘米的个人近期证件彩照 （1名外商只可以陪同2名境内人士办证）
8,"中国,翻译,没有","两个都想采购??,纺织类，母婴类,纺织类，母婴类,第三期??,第三期??",请问您方便提供贵司公司名称吗？
8,"中国,翻译,没有",中国人的呢？,请问与会的境内人士有一年以上有效境外工作签证或者境外永久居住证吗?
8,"中国,翻译,没有",也就是说她可以自己操作，也可以由我们帮其填写，对吧,"是的。,您好，请问还有什么可以帮您？,您好，请问还有什么可以帮您？"
8,"中国,翻译,没有","博盾,电子,电子",您可以联系到一位与您有业务往来的已经办理好境外采购商证的境外客商，您在他的陪伴下到广交会现场去办理一个收费的采购代表证进馆。收费标准为300RMB/人/天 50元工本费。办证资料：1、第二代身份证原件 2、名片 3、蓝/白底相片5厘米x4厘米的个人近期证件彩照 （1名外商只可以陪同2名境内人士办证）
8,"中国,翻译,没有","嗯,您好,您好",您好，请问有什么可以帮您？
8,"中国,翻译,没有","境内,外国企业中国采购办事处的,外国企业中国采购办事处的",请问贵司是在3月31日前在采购商电子服务平台上面申请了驻华办事邀请函吗？
8,"中国,翻译,没有",如果我第一期参加一天，第二期参加一天。就要当天办理是吧,是的，这个展位只能办理当期的，最多可以办理5天，如果第二期要参加，需重新办理。
8,"中国,翻译,没有","客户是老外，还有两个中国人,相当于翻译吧,相当于翻译吧,这么理解吧,这么理解吧",请问您的客户已经办理好境外采购商证了吗？
8,"中国,翻译,没有",就广州人,请您想参观采购国内产品还是国外产品？
8,"中国,翻译,没有","怎么办理想过,中国上海人！,中国上海人！",请问您方便提供贵司公司名称吗？
8,"中国,翻译,没有",我就是中国人?在国内工作的,请问您方便提供贵司公司名称吗？
8,"中国,翻译,没有",我是翻译陪同国外买家,好的，您可以在已经办理好境外采购商证的境外客商的陪伴下到广交会现场去办理一个收费的采购代表证进馆。收费标准为300RMB/人/天 50元工本费。办证资料：1、第二代身份证原件 2、名片 3、蓝/白底相片5厘米x4厘米的个人近期证件彩照 （1名外商只可以陪同2名境内人士办证）
8,"中国,翻译,没有","没有，,只有中国居民身份证,只有中国居民身份证",请问贵司全称是？
8,"中国,翻译,没有","还有别的方式没有,我们是从外地专门过来看展会的",抱歉，这是最适合您办的证件。
8,"中国,翻译,没有",这样，不是个人也可以买票参观的啊？这么麻烦,抱歉，广交会是没有门票售卖的，进馆是需要办理证件的。
8,"中国,翻译,没有","那我呢,我是中国人,我是中国人",请问与您是否有一年以上有效境外工作签证或者境外永久居住证吗?
9,"公司,参观,没有","5月1号到5号的，,想参观春季第三期的,想参观春季第三期的",请问您想参观采购国内产品还是国外产品？
9,"公司,参观,没有",个人的话不能参观嘛,好的，根据您的情况，您可以联系到一位与您有业务往来的已经办理好境外采购商证的境外客商，您在他的陪伴下到广交会现场去办理一个收费的采购代表证进馆。收费标准为300RMB/人/天 50元工本费。办证资料：1、第二代身份证原件 2、名片 3、蓝/白底相片5厘米x4厘米的个人近期证件彩照 （1名外商只可以陪同2名境内人士办证）
9,"公司,参观,没有",主要是国内产品,好的。根据您的情况，您可以联系到一位与您有业务往来的已经办理好境外采购商证的境外客商，您在他的陪伴下到广交会现场去办理一个收费的采购代表证进馆。收费标准为300RMB/人/天 50元工本费。办证资料：1、第二代身份证原件及复印件 2、名片 3、蓝/白底相片5厘米x4厘米的个人近期证件彩照 （1名外商只可以陪同2名境内人士办证）
9,"公司,参观,没有","全部是境内的,我们公司注册是在香港的,我们公司注册是在香港的",请问与会人员有一年以上有效境外工作签证或者境外永久居住证吗?
9,"公司,参观,没有",前几天的家具展，是不是对外的,是的，但是进馆是否需要证件需要联系主办方确认。
9,"公司,参观,没有",原来没做过进口产品，没有认识的境外采购商，怎么办，,很抱歉，如果没有外商陪同，是无法办证进馆的。
9,"公司,参观,没有",可以的话，都想参观,请烦请提供与会人员的司公司全称。
9,"公司,参观,没有",哦，那我提供公司名称的话是什么程序,请问贵司的全称是什么呢？
9,"公司,参观,没有","国内的,我们是出口公司?想去参展,我们是出口公司?想去参展",请问您方便提供贵司公司名称吗？
9,"公司,参观,没有",国内的，第一期的,请问您方便提供贵司公司名称吗？
9,"公司,参观,没有","国外的,去学习参观一下,去学习参观一下",请问您想参观国外什么产品？
9,"公司,参观,没有","境内的,我们是贸易公司,我们是贸易公司",请问与会人员有一年以上有效境外工作签证或者境外永久居住证吗?
9,"公司,参观,没有","境内的，,内蒙古赤峰的，,内蒙古赤峰的，",请问与会人员有一年以上有效境外工作签证或者境外永久居住证吗?
9,"公司,参观,没有",境内，江苏省苏州市的公司,请问与会人员有一年以上有效境外工作签证或者境外永久居住证吗?
9,"公司,参观,没有",好的，非常感谢,不客气，请问还有什么可以帮您？
9,"公司,参观,没有",对，因为学的工业设计，打算看一下4月份第一期的展会,请问与会人员是境内人士还是境外人士呢？
9,"公司,参观,没有",就是参观?都想看看,请问您方便提供贵司公司名称吗？
9,"公司,参观,没有",市民参观不了嘛,是的。广交会期间不对外开放，需符合相关办证条件办理相关证件方可进馆。由此造成的不便，敬请谅解。
9,"公司,参观,没有",广交会的国内商品只能境外公司采购吗？,不是的，只要符合办证资质标准都可办理证件进馆参观采购。
9,"公司,参观,没有",您好，最近的一期广交是什么时候,第一期：秋：10月15-19日（电子及家电类、照明类、车辆及配件类、机械类、五金工具类、建材类、化工产品类、能源类）
9,"公司,参观,没有",我们公司是贸易公司，想进去看商品，采购商品,"您好，您参观的第二期广交会为出口展，出口展区参展企业都是国内的企业，参展展品主要面向境外市场境外采购商，您可作为境外采购商的境内采购代表办理采购代表证进馆。 ,您可以联系到一位与您有业务往来的已经办理好境外采购商证的境外客商，您在他的陪伴下到广交会现场去办理一个收费的采购代表证进馆。收费标准为300RMB/人/天 50元工本费。办证资料：1、第二代身份证原件及复印件 2、名片 3、蓝/白底相片5厘米x4厘米的个人近期证件彩照 （1名外商只可以陪同2名境内人士办证）,您可以联系到一位与您有业务往来的已经办理好境外采购商证的境外客商，您在他的陪伴下到广交会现场去办理一个收费的采购代表证进馆。收费标准为300RMB/人/天 50元工本费。办证资料：1、第二代身份证原件及复印件 2、名片 3、蓝/白底相片5厘米x4厘米的个人近期证件彩照 （1名外商只可以陪同2名境内人士办证）"
9,"公司,参观,没有",我们只是入馆参观，一定要这个吗，采购代表证,由于广交会是没有参观证的，进馆是需要以采购商身份进馆。
9,"公司,参观,没有",我们想去参观展会，需要报名吗,请问与会人员是境内人士还是境外人士呢？
9,"公司,参观,没有","我们想去广交会需要什么资料吗,不是参展，我们是采购方,不是参展，我们是采购方",请问与会人员是境内人士还是境外人士呢？
9,"公司,参观,没有",我们是东莞的,您可以联系到一位与您有业务往来的已经办理好境外采购商证的境外客商，您在他的陪伴下到广交会现场去办理一个收费的采购代表证进馆。收费标准为300RMB/人/天 50元工本费。办证资料：1、第二代身份证原件及复印件 2、名片 3、蓝/白底相片5厘米x4厘米的个人近期证件彩照 （1名外商只可以陪同2名境内人士办证）
9,"公司,参观,没有",我是国内采购商，如何申请展会通行证,您是想进馆参观采购吗？
9,"公司,参观,没有","我是国外公司?在中国的员工,iml,iml",请问您想参观采购国内产品还是国外产品？
9,"公司,参观,没有",是的，作为观众,请问与会人员是境内人士还是境外人士呢？
9,"公司,参观,没有",是的，公司派代表参观,请问与会人员是境内人士还是境外人士呢？
9,"公司,参观,没有",普通商户可以入场参观么,请问与会人员是境内人士还是境外人士呢？
9,"公司,参观,没有","没有,我们是贸易公司，境内采购商,我们是贸易公司，境内采购商",抱歉，那么展商的邀请函是无法协助您办证的。
9,"公司,参观,没有",没有?我们公司是主做国内贸易的想去找些供应商的,请问与会人员有一年以上有效境外工作签证或者境外永久居住证吗?
9,"公司,参观,没有","没有的,我是外资公司的一名员工，中国国籍,我是外资公司的一名员工，中国国籍,怎么办理？,怎么办理？",请您想参观采购国内产品还是国外产品？
9,"公司,参观,没有",没有，只有旅游过,请您想参观采购国内产品还是国外产品？
9,"公司,参观,没有",没有，我们只有居民身份证,请问与会人员想参观采购国内产品还是国外产品？
9,"公司,参观,没有",没有，是国外驻国内代表处工作人员,请问贵司是否持有外国地区企业常驻代表机构登记证呢？
9,"公司,参观,没有",第二期，27号的,请问您方便提供贵司公司名称吗？
9,"公司,参观,没有",进馆参观,请问与会人士是境外人士还是境内人士?
9,"公司,参观,没有",那以国内公司名义可以办理嘛,很抱歉，根据您的情况，这是最适合您的办证方法。
9,"公司,参观,没有",采购国内产品,请问与会人员是境内人士还是境外人士呢？
